Student_ID,Name,Department,Python,AI,Mathematics,Attendance
S001,Aarav Sharma,CSE,88,91,85,92
S002,Priya Singh,CSE,76,82,79,88
S003,Rahul Verma,IT,65,70,68,75
S004,Sneha Patel,CSE,92,89,94,96
S005,Aditya Kumar,IT,58,62,55,72
S006,Ananya Gupta,CSE,81,85,78,85
S007,Rohan Mehta,IT,73,77,80,91
S008,Neha Joshi,CSE,95,93,91,94
S009,Vivek Shah,IT,67,64,70,78
S010,Kavya Jain,CSE,84,80,82,89
S011,Arjun Rao,IT,72,75,69,82
S012,Simran Kaur,CSE,89,87,90,95
S013,Yash Malhotra,IT,61,59,63,70
S014,Isha Agarwal,CSE,78,81,76,87
S015,Karan Mishra,IT,55,52,57,68
S016,Riya Kapoor,CSE,91,94,89,97
S017,Manish Yadav,IT,69,68,72,76
S018,Pooja Nair,CSE,83,86,84,90
S019,Dev Tiwari,IT,47,45,49,65
S020,Nisha Saxena,CSE,74,71,73,84
